"Date","Shortened URL","Full URL","FileName","Latitude","Longitude","MD5","SHA1"
"2018-08-04 10:47:36","http://bit.ly/2MiFMhY>","http://fl0ckfl0ck.info/jul.jpg","jul.jpg","36.66294097222222","126.62258911111111","d89662538963f49bfaca40cbc5566da0","19e09a58bd66872797cd896a91fd4c8e7011aebb"
"2018-08-05 13:50:00","http://hoy.kr/SvCC","http://fl0ckfl0ck.info/%E1%84%88%E1%85%A9%E1%84%88%E1%85%B5.jpg","뽀삐.jpg","","","c99c8714a4c619aa9fc9e5e4b39f7aad","8fd801116f77f80acec53423b1c79dee9c13263c"
"2018-08-11 02:26:19","http://hoy.kr/sDB3","http://fl0ckfl0ck.info/dirty%20and%20rainy.jpg","dirty and rainy.jpg","14.578697194444445","120.97619627777777","c6201b05067b0cb92ba0088f04b124fe","35b259204becc34d6551ca4707ea00caf9b660da"
"2018-08-05 13:50:58","http://hoy.kr/N6DB","http://fl0ckfl0ck.info/%E7%A7%81%E3%81%AF%E4%BA%BA%E9%96%93%E3%81%AE%E5%B1%91%E3%81%A6%E3%82%99%E3%81%99.jpg","私は人間の屑です.jpg","","","0a794cc0b4902b767e87cfd83e5a400d","74a9280c2216560db6443c9009f02630d007e33f"
"2018-08-10 07:53:54","http://hoy.kr/VCei","http://fl0ckfl0ck.info/%E1%84%8C%E1%85%A6bal.jpg","제bal.jpg","37.46018983333333","126.44069672222223","4840688ee1b48b3a7a016dbe40f3f82a","255d5c1fb417dc26388ef6ff5019cffb52f61ed0"
"2018-08-04 10:47:36","http://bitly.kr/huvm","http://fl0ckfl0ck.info/ga.jpg","ga.jpg","37.527790083333336","126.90460966666667","8bc2f709e3659e635679dce5ff9396b5","27e6b2861bf4ef028c2e1c0f9d09582c78599e39"
"2018-08-10 07:54:36","http://hoy.kr/RrN5","http://fl0ckfl0ck.info/gagisil%ED%83%80.jpg","gagisil타.jpg","37.46018983333333","126.44069672222223","0b906ea7fbf3879a836bc75805ea45ad","b347e2ae4ec3962be5ee59eaccd6d4d930bfd72d"
"2018-08-04 11:24:24","http://bitly.kr/nZXE","http://fl0ckfl0ck.info/%EB%A7%9B%EC%9E%88%EC%96%B4.jpg","맛있어.jpg","37.51306152777778","127.05864716666666","464e1e3242cbe60fbdb6026dc9ab32b2","56d3b886da0c997c2a04f03b16204d240d73145e"
"2018-08-02 11:23:36","http://bitly.kr/jUa8","http://fl0ckfl0ck.info/11.jpg","11.jpg","","","4d7ab9117717ba5232ed3cd83de2ada8","f586330ae5370821782879fb76f1d378ae0f5402"
"2018-08-03 14:34:01","http://bit.ly/2OAwQWR","http://fl0ckfl0ck.info/druwa.jpg","druwa.jpg","37.49848938888889","127.01871491666667","0a0f314823cae545c658090187244d02","20fddbcee310d7abfdcc9f44d97314bcf1aa77b6"
